alignmentName	sourceName	sequenceID	firstRefCodon	lastRefCodon	queryAAs	refNtStart	refNtEnd	queryNtStart	queryNtEnd	queryNts
AL_IFNL_MAMMAL_B	ncbi-curated-mammalia-b	HQ201955	72	74	NWS	214	222	386	394	AACTGGAGC
AL_IFNL_MAMMAL_B	ncbi-curated-mammalia-b	HQ201955	116	118	NST	346	354	512	520	AACTCGACC
AL_IFNL_MAMMAL_B	ncbi-curated-mammalia-b	NM_001024673	111	113	NMT	331	339	313	321	AACATGACT
AL_IFNL_MAMMAL_B	ncbi-curated-mammalia-b	NM_001040680	72	74	NWS	214	222	193	201	AACTGGAGC
AL_IFNL_MAMMAL_B	ncbi-curated-mammalia-b	NM_001040680	111	113	NMT	331	339	310	318	AACATGACC
AL_IFNL_MAMMAL_B	ncbi-curated-mammalia-b	NM_001114853	72	74	NWS	214	222	193	201	AACTGGAGC
AL_IFNL_MAMMAL_B	ncbi-curated-mammalia-b	NM_001114853	111	113	NMT	331	339	310	318	AACATGACT
AL_IFNL_MAMMAL_B	ncbi-curated-mammalia-b	NM_001142837	72	74	NWS	214	222	193	201	AACTGGAGC
AL_IFNL_MAMMAL_B	ncbi-curated-mammalia-b	NM_001166490	74	76	NCS	220	228	211	219	AACTGCAGC
AL_IFNL_MAMMAL_B	ncbi-curated-mammalia-b	NM_001166490	116	118	NSS	346	354	331	339	AACTCATCC
AL_IFNL_MAMMAL_B	ncbi-curated-mammalia-b	NM_001290171	72	74	NQS	214	222	211	219	AACCAGAGC
AL_IFNL_MAMMAL_B	ncbi-curated-mammalia-b	NM_172140	72	74	NWS	214	222	208	216	AACTGGAGT
AL_IFNL_MAMMAL_B	ncbi-curated-mammalia-b	NM_177396	113	117	NDS	337	351	319	327	AATGACTCA
AL_IFNL_MAMMAL_B	ncbi-curated-mammalia-b	XM_002829198	72	74	NWS	214	222	290	298	AACTGGAGT
AL_IFNL_MAMMAL_B	ncbi-curated-mammalia-b	XM_003270380	72	74	NWS	214	222	328	336	AACTGGAGT
AL_IFNL_MAMMAL_B	ncbi-curated-mammalia-b	XM_003735566	74	76	NCT	220	228	326	334	AATTGCACC
AL_IFNL_MAMMAL_B	ncbi-curated-mammalia-b	XM_003802138	35	37	NTT	103	111	82	90	AACACAACT
AL_IFNL_MAMMAL_B	ncbi-curated-mammalia-b	XM_003802138	72	74	NWS	214	222	193	201	AACTGGAGC
AL_IFNL_MAMMAL_B	ncbi-curated-mammalia-b	XM_003915503	72	74	NWS	214	222	584	592	AACTGGAGT
AL_IFNL_MAMMAL_B	ncbi-curated-mammalia-b	XM_003943132	74	76	NCT	220	228	199	207	AATTGCACC
AL_IFNL_MAMMAL_B	ncbi-curated-mammalia-b	XM_004060705	72	74	NWS	214	222	290	298	AACTGGAGT
AL_IFNL_MAMMAL_B	ncbi-curated-mammalia-b	XM_004481462	72	74	NWS	214	222	193	201	AACTGGAGC
AL_IFNL_MAMMAL_B	ncbi-curated-mammalia-b	XM_004617294	74	76	NCS	220	228	214	222	AACTGCAGC
AL_IFNL_MAMMAL_B	ncbi-curated-mammalia-b	XM_004636884	111	113	NVT	331	339	307	315	AATGTGACT
AL_IFNL_MAMMAL_B	ncbi-curated-mammalia-b	XM_004687048	72	74	NRS	214	222	196	204	AACCGGAGC
AL_IFNL_MAMMAL_B	ncbi-curated-mammalia-b	XM_004687048	116	118	NTS	346	354	322	330	AACACATCC
AL_IFNL_MAMMAL_B	ncbi-curated-mammalia-b	XM_005589170	72	74	NWS	214	222	416	424	AACTGGAGT
AL_IFNL_MAMMAL_B	ncbi-curated-mammalia-b	XM_005596230	59	61	NAT	175	183	175	183	AATGCCACG
AL_IFNL_MAMMAL_B	ncbi-curated-mammalia-b	XM_005596230	72	74	NHT	214	222	214	222	AACCACACC
AL_IFNL_MAMMAL_B	ncbi-curated-mammalia-b	XM_005596230	103	105	NLT	307	315	307	315	AACCTGACT
AL_IFNL_MAMMAL_B	ncbi-curated-mammalia-b	XM_005596230	116	118	NSS	346	354	331	339	AACTCGTCC
AL_IFNL_MAMMAL_B	ncbi-curated-mammalia-b	XM_005886334	72	74	NWS	214	222	1178	1186	AACTGGAGC
AL_IFNL_MAMMAL_B	ncbi-curated-mammalia-b	XM_005886334	116	118	NST	346	354	1304	1312	AACTCGACC
AL_IFNL_MAMMAL_B	ncbi-curated-mammalia-b	XM_006096748	72	74	NRS	214	222	624	632	AACCGGAGC
AL_IFNL_MAMMAL_B	ncbi-curated-mammalia-b	XM_006096748	116	118	NST	346	354	750	758	AACTCGACC
AL_IFNL_MAMMAL_B	ncbi-curated-mammalia-b	XM_006540121	111	113	NMT	331	339	393	401	AACATGACT
AL_IFNL_MAMMAL_B	ncbi-curated-mammalia-b	XM_006540130	113	117	NDS	337	351	329	337	AATGACTCA
AL_IFNL_MAMMAL_B	ncbi-curated-mammalia-b	XM_007179988	116	118	NSS	346	354	328	336	AACTCATCC
AL_IFNL_MAMMAL_B	ncbi-curated-mammalia-b	XM_007179990	116	118	NSS	346	354	328	336	AACTCATCC
AL_IFNL_MAMMAL_B	ncbi-curated-mammalia-b	XM_007524026	76	78	NTS	226	234	205	213	AACACCTCC
AL_IFNL_MAMMAL_B	ncbi-curated-mammalia-b	XM_007524026	111	113	NLT	331	339	310	318	AACCTGACT
AL_IFNL_MAMMAL_B	ncbi-curated-mammalia-b	XM_007945560	116	118	NTT	346	354	319	327	AACACGACG
AL_IFNL_MAMMAL_B	ncbi-curated-mammalia-b	XM_007958477	116	118	NTT	346	354	319	327	AACACGACG
AL_IFNL_MAMMAL_B	ncbi-curated-mammalia-b	XM_007996760	72	74	NWS	214	222	335	343	AACTGGAGT
AL_IFNL_MAMMAL_B	ncbi-curated-mammalia-b	XM_008582050	72	74	NWS	214	222	193	201	AACTGGAGC
AL_IFNL_MAMMAL_B	ncbi-curated-mammalia-b	XM_010380919	72	74	NWS	214	222	284	292	AACTGGAGT
AL_IFNL_MAMMAL_B	ncbi-curated-mammalia-b	XM_010972051	74	76	NCS	220	228	208	216	AACTGCAGC
AL_IFNL_MAMMAL_B	ncbi-curated-mammalia-b	XM_010972051	116	118	NSS	346	354	328	336	AACTCATCC
AL_IFNL_MAMMAL_B	ncbi-curated-mammalia-b	XM_010985162	74	76	NCS	220	228	208	216	AACTGCAGC
AL_IFNL_MAMMAL_B	ncbi-curated-mammalia-b	XM_010985162	116	118	NSS	346	354	328	336	AACTCATCC
AL_IFNL_MAMMAL_B	ncbi-curated-mammalia-b	XM_011225064	72	74	NWS	214	222	193	201	AACTGGAGC
AL_IFNL_MAMMAL_B	ncbi-curated-mammalia-b	XM_011234942	72	74	NWS	214	222	187	195	AACTGGAGT
AL_IFNL_MAMMAL_B	ncbi-curated-mammalia-b	XM_011764819	72	74	NWS	214	222	344	352	AACTGGAGT
AL_IFNL_MAMMAL_B	ncbi-curated-mammalia-b	XM_011952424	72	74	NWS	214	222	290	298	AACTGGAGT
AL_IFNL_MAMMAL_B	ncbi-curated-mammalia-b	XM_011973361	72	74	NWS	214	222	286	294	AACTGGAGT
AL_IFNL_MAMMAL_B	ncbi-curated-mammalia-b	XM_012077988	72	74	NWS	214	222	286	294	AACTGGAGT
AL_IFNL_MAMMAL_B	ncbi-curated-mammalia-b	XM_012438845	74	76	NCT	220	228	199	207	AATTGCACC
AL_IFNL_MAMMAL_B	ncbi-curated-mammalia-b	XM_012438845	115	117	NDT	343	351	322	330	AATGACACG
AL_IFNL_MAMMAL_B	ncbi-curated-mammalia-b	XM_012438872	115	117	NDT	343	351	395	403	AATGACACG
AL_IFNL_MAMMAL_B	ncbi-curated-mammalia-b	XM_012730587	116	118	NSS	346	354	734	742	AACTCGTCC
AL_IFNL_MAMMAL_B	ncbi-curated-mammalia-b	XM_012775211	72	74	NWS	214	222	238	246	AACTGGAGC
AL_IFNL_MAMMAL_B	ncbi-curated-mammalia-b	XM_012775213	116	118	NRT	346	354	580	588	AACAGGACC
AL_IFNL_MAMMAL_B	ncbi-curated-mammalia-b	XM_014117025	72	74	NWS	214	222	361	369	AACTGGAGT
AL_IFNL_MAMMAL_B	ncbi-curated-mammalia-b	XM_014732932	72	74	NWT	214	222	339	347	AACTGGACC
AL_IFNL_MAMMAL_B	ncbi-curated-mammalia-b	XM_015557658	72	74	NRS	214	222	424	432	AACCGGAGC
AL_IFNL_MAMMAL_B	ncbi-curated-mammalia-b	XM_015557658	116	118	NST	346	354	550	558	AACTCGACC
AL_IFNL_MAMMAL_B	ncbi-curated-mammalia-b	XM_016165226	72	74	NWS	214	222	214	222	AACTGGAGC
AL_IFNL_MAMMAL_B	ncbi-curated-mammalia-b	XM_016165226	116	118	NST	346	354	340	348	AACTCGACC
AL_IFNL_MAMMAL_B	ncbi-curated-mammalia-b	XM_016166771	72	74	NWS	214	222	394	402	AACTGGAGC
AL_IFNL_MAMMAL_B	ncbi-curated-mammalia-b	XM_016166771	116	118	NST	346	354	520	528	AACTCGACC
AL_IFNL_MAMMAL_B	ncbi-curated-mammalia-b	XM_016166772	72	74	NQS	214	222	205	213	AATCAGAGC
AL_IFNL_MAMMAL_B	ncbi-curated-mammalia-b	XM_016209154	116	118	NST	346	354	340	348	AACTCGACC
AL_IFNL_MAMMAL_B	ncbi-curated-mammalia-b	XM_016209155	116	118	NST	346	354	340	348	AACTCGACC
AL_IFNL_MAMMAL_B	ncbi-curated-mammalia-b	XM_016209156	116	118	NST	346	354	340	348	AACTCGACC
AL_IFNL_MAMMAL_B	ncbi-curated-mammalia-b	XM_017503063	74	76	NCT	220	228	310	318	AATTGCACC
AL_IFNL_MAMMAL_B	ncbi-curated-mammalia-b	XM_017503063	115	117	NDT	343	351	433	441	AATGACACG
AL_IFNL_MAMMAL_B	ncbi-curated-mammalia-b	XM_017503064	115	117	NDT	343	351	606	614	AATGACACG
AL_IFNL_MAMMAL_B	ncbi-curated-mammalia-b	XM_017651898	74	76	NCS	220	228	618	626	AACTGCAGC
AL_IFNL_MAMMAL_B	ncbi-curated-mammalia-b	XM_017656413	42	44	NFS	124	132	103	111	AACTTTAGC
AL_IFNL_MAMMAL_B	ncbi-curated-mammalia-b	XM_017656413	74	76	NCS	220	228	193	201	AACTGCAGC
AL_IFNL_MAMMAL_B	ncbi-curated-mammalia-b	XM_017967394	115	117	NDT	343	351	516	524	AATGACACG
AL_IFNL_MAMMAL_B	ncbi-curated-mammalia-b	XM_018063174	116	118	NSS	346	354	505	513	AACTCGTCC
AL_IFNL_MAMMAL_B	ncbi-curated-mammalia-b	XM_018063271	116	118	NSS	346	354	334	342	AACTCGTCC
AL_IFNL_MAMMAL_B	ncbi-curated-mammalia-b	XM_020156959	111	113	NVT	331	339	331	339	AATGTGACT
AL_IFNL_MAMMAL_B	ncbi-curated-mammalia-b	XM_021168771	111	113	NMT	331	339	401	409	AACATGACT
AL_IFNL_MAMMAL_B	ncbi-curated-mammalia-b	XM_021210483	111	113	NMT	331	339	349	357	AACATGACT
AL_IFNL_MAMMAL_B	ncbi-curated-mammalia-b	XM_023651251	59	61	NAT	175	183	169	177	AATGCCACG
AL_IFNL_MAMMAL_B	ncbi-curated-mammalia-b	XM_023651251	72	74	NHT	214	222	208	216	AACCACACC
AL_IFNL_MAMMAL_B	ncbi-curated-mammalia-b	XM_023651251	103	105	NLT	307	315	304	312	AACCTGACT
AL_IFNL_MAMMAL_B	ncbi-curated-mammalia-b	XM_023651251	116	118	NSS	346	354	328	336	AACTCGTCC
AL_IFNL_MAMMAL_B	ncbi-curated-mammalia-b	XM_023760578	72	74	NRS	214	222	442	450	AACCGGAGC
AL_IFNL_MAMMAL_B	ncbi-curated-mammalia-b	XM_023760578	116	118	NST	346	354	568	576	AACTCGACC
AL_IFNL_MAMMAL_B	ncbi-curated-mammalia-b	XM_024577417	72	74	NRS	214	222	319	327	AATAGGAGC
AL_IFNL_MAMMAL_B	ncbi-curated-mammalia-b	XM_024577417	116	118	NST	346	354	445	453	AACTCGACC
AL_IFNL_MAMMAL_B	ncbi-curated-mammalia-b	XM_024577418	72	74	NRS	214	222	619	627	AATAGGAGC
AL_IFNL_MAMMAL_B	ncbi-curated-mammalia-b	XM_024577418	116	118	NST	346	354	745	753	AACTCGACC
AL_IFNL_MAMMAL_B	ncbi-curated-mammalia-b	XM_025268342	116	118	NSS	346	354	563	571	AACTCATCC
AL_IFNL_MAMMAL_B	ncbi-curated-mammalia-b	XM_028165960	74	76	NCS	220	228	400	408	AACTGCAGC
AL_IFNL_MAMMAL_B	ncbi-curated-mammalia-b	XM_028165960	116	118	NSS	346	354	520	528	AATTCATCC
AL_IFNL_MAMMAL_B	ncbi-curated-mammalia-b	XM_028529999	72	74	NQS	214	222	187	195	AATCAGAGC
AL_IFNL_MAMMAL_B	ncbi-curated-mammalia-b	XM_028530311	72	74	NHS	214	222	187	195	AACCACAGC
AL_IFNL_MAMMAL_B	ncbi-curated-mammalia-b	XM_028859190	111	113	NMT	331	339	659	667	AACATGACT
AL_IFNL_MAMMAL_B	ncbi-curated-mammalia-b	XM_032273584	115	117	NDT	343	351	614	622	AATGACACA
AL_IFNL_MAMMAL_B	ncbi-curated-mammalia-b	XM_036323965	72	74	NWS	214	222	330	338	AACTGGAGC
AL_IFNL_MAMMAL_B	ncbi-curated-mammalia-b	XM_036323965	116	118	NST	346	354	456	464	AACTCGACC
AL_IFNL_MAMMAL_B	ncbi-curated-mammalia-b	XM_036324441	72	74	NWS	214	222	1221	1229	AACTGGAGC
AL_IFNL_MAMMAL_B	ncbi-curated-mammalia-b	XM_036324441	116	118	NST	346	354	1347	1355	AACTCGACC
AL_IFNL_MAMMAL_B	ncbi-curated-mammalia-b	XM_036345646	72	74	NRS	214	222	1774	1782	AACCGGAGC
AL_IFNL_MAMMAL_B	ncbi-curated-mammalia-b	XM_036345646	116	118	NST	346	354	1900	1908	AACTCGACC
AL_IFNL_MAMMAL_B	ncbi-curated-mammalia-b	XM_036346724	72	74	NRS	214	222	355	363	AACCGGAGC
AL_IFNL_MAMMAL_B	ncbi-curated-mammalia-b	XM_036346724	116	118	NST	346	354	481	489	AACTCGACC
AL_IFNL_MAMMAL_B	ncbi-curated-mammalia-b	XM_036346728	116	118	NST	346	354	489	497	AACTCGACC
AL_IFNL_MAMMAL_B	ncbi-curated-mammalia-b	XM_036346847	72	74	NRS	214	222	228	236	AACCGGAGC
AL_IFNL_MAMMAL_B	ncbi-curated-mammalia-b	XM_036346847	116	118	NST	346	354	354	362	AACTCGACC
AL_IFNL_MAMMAL_B	ncbi-curated-mammalia-b	XM_036346877	72	74	NRS	214	222	261	269	AACCGGAGC
AL_IFNL_MAMMAL_B	ncbi-curated-mammalia-b	XM_036346877	116	118	NST	346	354	387	395	AACTCGACC
